"","country","country_id","coastal_protection_reef","coastal_protection","coastal_protection_offshore","coastal_protection_onshore","commercial_timber","domestic_timber","flood_nathab","flood_mitigation_500km","flood_mitigation_50km","fuelwood","fwfish","grazing","marinefish","moisture_recycling","nitrogen_retention_500km","nitrogen_retention_50km","rural_nature_access_360","rural_nature_access_60","urban_nature_access_360","urban_nature_access_60","pollination","reef_tourism","sediment_deposition_500km","sediment_deposition_50km","vulnerable_carbon"
"1","Aruba","ABW",0,118392.804966316,82826.6676962376,69638.9925367087,0,0,0,0,0,0,0,0.413285387485391,0.0167925488203764,0,8416641.04650879,8200145.98825073,27590.5893554688,27632.0311279297,34349.6276855469,34517.1232910156,0,186,0,0,361
"2","Afghanistan","AFG",0,0,0,0,57.0867120561199,393.013042554949,391677372.68425,147809.187991981,52104.4619863445,472.997139385763,592.868886850192,3763.86892270061,0,1380238.1661928,1460639095124.65,282395952287.56,12056184.2290303,10089388.6183083,4905582.53101378,2956422.38680346,457.956186048454,0,68348549504.1428,12542965013.2868,1276702
"3","Angola","AGO",0,5780919.87869638,1414741.40955558,1104950.7401315,8288.39110005531,12032.1741653324,1931859903.47258,39044600.1793336,6206591.62373087,20234.4112567299,3899.34850604192,7152.82206510183,3805.16628551483,1742905.8218748,474627725299.147,50676967690.9401,13755077.6756006,13069795.1895283,8568611.36406261,4244887.22054536,103.410506295692,0,3914234394.96112,773865899.596577,15151168
"4","Anguilla","AIA",0,72930.9598999023,20350.1160240173,48606.5758056641,0,0.00519103344956946,0,0,0,3.49499222878349e-05,0,0,0.562785983085632,0,1037519.74609375,1010855.6796875,0,0,0,0,0,83,0,0,389
"5","Åland","ALA",0,76699.7281560453,43679.489649526,56380.5210058244,2.65119404937455,7.09512191865853,0,0,0,2.58234587202563,0,1.53494665614861,53.5792679190636,0,0,0,16123.5421524048,15734.7279882431,0,0,0,0,0,0,9393
"6","Albania","ALB",0,198681.886088537,37158.3727925569,45650.9620827753,352.421491262993,30.2801590895598,30700291.9165883,1614355.13623283,803835.627616184,346.396718076201,114.609997190069,1347.20973389772,3.07735991477966,30317.1612192167,4622833829.47917,2389787919.63895,681093.552166,395885.16348509,429970.483047009,243357.393041872,1073.43956099378,0,400296250.076356,196188780.212538,202394
"7","Andorra","AND",0,0,0,0,4.18425978043767,0.000613477301723693,674465.841690103,54870.5097245914,7666.30096895367,4.82458174759665,0,7.52498052495218,0,1315.57401974775,992446998,470385764.25,43754.384475708,44402.327388756,23965.367225647,21906.2974786758,0.00237055699153643,0,66260897.477417,31355357.2012939,8897
"8","United Arab Emirates","ARE",0,2692955.46583418,1356503.30509404,89402.3475056309,0.059404132608134,0.0706524006759789,2891114.28427165,1381.90739887506,1014.42390921083,0.261364995350147,0,0,215.985579609871,0,314685383.916465,229355885.278986,144721.454423718,108441.958540956,487982.567060888,159621.968375683,36.4031885449076,185,6763697.35847605,4582785.61769006,782
"9","Argentina","ARG",0,2082023.82755676,590726.101094489,469189.588746884,25063.2927065043,399.322524401051,1593109224.32457,38967735.9286427,9481655.57653657,2207.11986076072,5657.52523001551,43088.5948053908,1119.23211747408,1063063.51281345,186006415985.693,32470519592.9907,7552405.79455226,6645864.68096488,10359859.3552384,8619089.84951117,172966.829985524,0,7472753485.67427,1887130381.15237,17906618
"10","Armenia","ARM",0,0,0,0,86.3176353824455,25.6589676238797,31304342.7180601,2005592.58222272,695153.282472204,105.654127303105,81.3217932272237,209.359586686401,0,24421.0688495571,15827044667.9375,4132589393.71875,535866.629204869,323719.272962452,465513.757480409,81838.7564950883,3049.40330582536,0,866161012.345581,237633148.117737,120947
"11","American Samoa","ASM",0,63705.0986089706,42286.9743652344,0,0,0,0,0,0,0,0,0,0.187457010149956,0,0,0,0,0,0,0,0,72,0,0,0
"12","Antarctica","ATA",0,0,0,0,0,0,0,0,0,0,0,0,9635.33479014071,0,0,0,0,0,0,0,0,0,0,0,0
"13","French Southern Territories","ATF",0,0,0,0,0,0,0,0,0,0,0,0,0.772412202495616,0,0,0,0,0,0,0,0,0,0,0,0
"14","Antigua and Barbuda","ATG",0,112531.600128174,63184.1399827786,83621.6818618774,4.34640348035727,0,0,0,0,1.47925435335297,0,25.9676442864199,0.155248984694481,0,4557115.79567599,4447319.4698689,46019.8086395264,45345.5461956556,32312.9453125,31889.2883529663,0,267,0,0,5219
"15","Australia","AUS",864044114.93823,4838904.16288865,1436577.1096088,1537150.75492411,73945.4714854507,207.496016485273,860580920.824744,63167066.8888557,20776012.5508084,1449.03191028371,106.802185605397,49067.4134466753,537.935468347743,2020106.39230612,111627111827.414,26829107058.8035,6639138.09235265,5545164.24734945,9608488.38856483,6168420.62389052,65927.0704992959,2883,2173632849.01313,487115757.287086,36984067
"16","Austria","AUT",0,0,0,0,1839.21150000231,55.2928373880488,380304167.474411,10767356.0308435,1445143.30709688,675.108676428594,72.3842668301659,1046.18502148591,0,192373.376582176,230734644626.625,39779223162.6562,4121622.87100244,3605961.33416791,1841604.79322387,1218959.87634317,15027.9469116632,0,13336847452.1142,2298514330.85124,377314
"17","Azerbaijan","AZE",0,0,0,0,316.972986678473,83.8990077896867,71660045.814209,605284.729227929,361575.381960067,367.701854984562,543.925367269665,1812.33461868773,0,41785.7251505162,12527968762.7371,3618564133.6588,1541632.65946983,944411.021252524,1151551.66090952,790069.478320534,3917.7942677284,0,813143750.2409,237881071.157641,357786
"18","Burundi","BDI",0,0,0,0,286.227019351653,188.012335348598,74655992.7080209,207330.545156806,13215.5035035391,1168.1064539268,194.548597631976,851.161877625531,0,28760.3897291229,21516336165.8125,3970019128.97754,3243662.13649392,2830097.86465997,451956.287866667,472432.676223397,2936.51582783219,0,2749057550.41473,410711938.824652,123501
"19","Belgium","BEL",0,331188.068877518,141230.260815412,176086.351745605,317.428355883838,1.18140309986558,158183574.156808,8684670.88379478,2694508.40143643,134.422323628821,23.0421992214397,910.569505254697,44.1021165847778,33353.8744687734,81240729739.5068,25545634660.4031,2689935.54081726,1773093.46580505,1572080.53886032,763860.209374681,16122.116343621,0,529208252.636104,160477192.809494,88203
"20","Benin","BEN",0,4411.8039855957,1337.61118739843,625.99462890625,757.475945577645,241.219402393898,197559480.670195,16645424.9977219,2752129.47263545,1577.29659072001,2989.07184288278,2365.54248968626,303.698400974274,72800.7373490621,117036265336.038,5631223669.34668,2440332.28520191,1831048.45019664,1260130.8892282,1369506.4101072,2189.90889971284,0,976559653.267099,87891062.6827907,705029
"21","Bonaire, Sint Eustatius and Saba","BES",0,51185.1324526344,46165.9843454361,30970.1769773413,0.071996905139606,0.185096138738559,0,0,0,0.0715404592143971,0,1.42948371026023,0,0,1078813.26019912,1051262.56736408,15088.9869995117,14893.5340490341,0,0,0,415,0,0,2246
"22","Burkina Faso","BFA",0,0,0,0,174.091683551838,363.082684353226,127890954.575323,4193950.09589797,315043.572411195,789.470788508675,5266.99787393562,5591.2073926362,0,24591.5026181565,104231366347.832,8485552003.02075,3367276.3758316,3105349.75495152,325881.866855223,365482.297776323,1703.33073878195,0,772281812.665665,71674035.4696547,397335
"23","Bangladesh","BGD",0,7149330.96351229,962221.584523943,1613199.86415112,2391.88877174676,156.859895275084,944449467.85602,54648447.3135275,23977401.9696959,3094.09113313804,31180.3226970868,1111.64652212158,12884.5218057632,42438.0410620868,103184440736.907,46563303549.6581,11941555.9005755,9522901.54345376,11504113.2564206,9721282.92180114,13200.6790109933,0,3462754836.35666,1264857746.66292,598569
"24","Bulgaria","BGR",0,121558.118805482,10803.1694913059,45865.4481697239,2004.18374002456,29.2246831928197,182376558.393861,13194637.1005565,3761973.01228659,312.001408999309,87.1215279058088,342.301723098748,6.08135318756104,171643.804428495,27782349929.0365,8878023240.56684,1696501.35076094,1176112.00903443,1240757.70013759,804844.492086869,8129.32609387572,0,603042171.04348,197862376.930158,779068
"25","Bahrain","BHR",0,1408424.73486584,1622922.09182836,28420.1431894004,0,0,0,0,0,0,0,0,83.6204319000244,0,1126635.89501953,1074499.32983398,3036.92248535156,3807.28863525391,48125.8544921875,65958.4453125,0,435,0,0,78
"26","Bahamas","BHS",0,507393.983677551,153459.052517033,234623.038982146,18.0216533457397,9.68791747034745,0,160.521883041473,142.285966865222,5.01858828498488,0,17.68489636003,4.63386677205563,0,7596844.96285776,7341240.80057706,65576.0240751184,58876.0476117781,69830.9365234375,64123.9462890625,0,1605,205.306277386481,165.079396054524,279387
"27","Bosnia and Herzegovina","BIH",0,6987.17626953125,6223.22514343262,6241.58655548096,1828.31501056169,60.8391473380557,183209878.002545,13194979.4699237,3548282.51367995,796.16133575579,31.9454205251532,520.987522055239,0,138142.450527993,59642740043.2952,12596194298.1908,1815418.14986587,1440011.34095674,661687.335208369,456117.231947456,4467.07678556268,0,1638265588.37352,434678329.635319,696408
"28","Saint-Barthélemy","BLM",0,51471.9787597656,25152.3599243164,26057.2192382812,0,0.00476215062036249,0,0,0,0.0002073553730101,0,0,0,0,19715.57421875,19512.193359375,2194.9697265625,2194.9697265625,0,0,0,54,0,0,134
"29","Belarus","BLR",0,0,0,0,3897.99649085761,3.72238655762767,542576845.562584,10020382.5288026,861178.589971716,1088.76854663731,104.206067004474,471.098659008546,0,362457.033886143,89169482704.9688,9376909359.45508,1984714.35288448,1633959.88143668,2055518.18599643,1493520.59891799,69798.1862626242,0,190018198.127016,23392469.5101149,2279748
"30","Belize","BLZ",808960862.972656,190690.999441951,44235.530455487,105806.343983202,1669.95275901249,43.0359551457257,7253404.95611311,857497.895443911,434424.830093448,196.051585255409,9.50202269549482,26.7597360739998,3.57853221893311,10148.9051101445,1549576362.58072,712614838.784893,209028.121571384,175423.020684552,19146.1207414567,13333.3246585131,236.302283066227,160,18321361.9868465,10028808.1201773,430505
"31","Bermuda","BMU",0,84274.2324962616,165990.152101517,0,0,0,0,0,0,0,0,0,0,0,0,0,0,0,0,0,0,120,0,0,0
"32","Bolivia","BOL",0,0,0,0,20848.1426267391,1452.89466665527,586878194.006949,6510182.16807753,544735.905151952,1709.13183628395,13221.4593541564,14461.6111782661,0,1849749.02112784,98112836468.6794,10408597772.0119,3728219.99783787,3432916.71176985,4019024.33526498,3089241.34345981,4186.96996847426,0,8093174475.94102,1903212641.3697,18451406
"33","Brazil","BRA",0,42820989.5882605,14301113.8128781,14247032.0621662,198658.389598358,3106.38585559542,7785656803.15469,435927440.325085,114309183.992447,31663.7366567523,36686.4733871726,133414.897026427,18444.4348093867,8382736.07565955,3023290203728.64,530867335994.466,49525924.3611329,45930675.1330373,72211269.9370495,60351978.1415435,308206.762374192,1497,85119365311.1062,17574436344.9445,179731856
"34","Barbados","BRB",0,393433.637438193,351695.364995003,7554.77465891838,0,0,0,0,0,0,0,0,0,0,3316141.63867188,3014524.57519531,14594.4536132812,14812.5908203125,15936.59765625,15996.8891601562,0,300,0,0,901
"35","Brunei","BRN",0,689837.959217739,108368.950562708,295183.466422272,352.814212625862,3.62496783059737,1654473.95731614,348065.731488065,253277.675282486,14.2660675299835,3.43415570526849,0,77.5437862873077,3174.69179288162,320309748.137285,208377387.70035,155005.992656975,103259.957806625,33298.6298743505,16825.0385956168,16.5133308024625,0,2766924.69033199,1814083.24434698,241352
"36","Bhutan","BTN",0,0,0,0,583.461967052541,558.415110266212,662828718.11118,16166434.4767496,2498408.82334079,963.827192936979,38.1709055175306,28.384269801992,0,97657.6868956167,57121576313.75,12468781939.582,699443.783944207,590347.33146827,37627.4318017066,25176.2860305309,615.414172184486,0,3485584657.04652,660223769.997959,728817
"37","Bouvet Island","BVT",0,0,0,0,0,0,0,0,0,0,0,0,0,0,0,0,0,0,0,0,0,0,0,0,0
"38","Botswana","BWA",0,0,0,0,1629.77160057608,226.963642658094,54604407.7608424,1877298.7524207,539635.7758139,720.303310932824,3.92378877429292,4757.91139153912,0,644325.875621564,21040013731.3797,4049111376.67418,1394437.41132077,1250690.92529524,382289.768492282,335247.140599381,27.8834783817105,0,138857720.364992,37798799.7184459,3206950
"39","Central African Republic","CAF",0,0,0,0,13484.2584300829,1885.30828308636,2361497135.34051,25047967.5908372,1155208.33517597,5913.06613225993,4709.23970918357,6649.4101431579,0,1525633.32189748,448293712528.498,21696519308.5739,3869745.17417671,3650850.78555893,1391615.05848274,950486.067026496,86.7220239234958,0,1759578738.09468,114568787.962837,10187706
"40","Canada","CAN",0,4746266.14635564,1881267.88436647,2247678.43521696,22095.3743813478,243.836065340752,3455081042.03638,56391994.4599657,9221511.07002182,667.02409405034,1485.83013101015,1728.06792462874,3324.8966178404,2895209.37837677,429186371632.392,48765480697.7281,8931869.67938772,7172538.79713355,9380680.95726429,5216680.67340679,51896.1206913678,0,6789815366.25374,790727463.84632,80379283
"41","Cocos Islands","CCK",0,748.227005004883,638.392318725586,0,0,0,0,0,0,0,0,0,0,0,0,0,0,0,0,0,0,0,0,0,0
"42","Switzerland","CHE",0,0,0,0,315.068408147824,17.4223910976146,364199703.773532,15458872.4621341,1846200.47609231,258.263921688052,234.366254572873,1523.13090508907,0,81961.4989587923,256182653645.144,37125750291.5974,3703856.3393765,3253543.59324012,2272792.48632055,1669474.47062902,12775.7886551738,0,19727069250.5923,2520752074.74946,780406
"43","Chile","CHL",0,4380974.31684733,1216223.47821167,2509676.91040295,10164.4348971967,139.914203100214,378569604.08406,38629281.2252542,13568085.9670356,1501.42724087543,1.09890501631889,3086.09345963804,4902.6503008306,128253.300999586,93227958707.1265,33532187898.2547,3595358.5181567,3217512.24195543,7977703.00963977,6270065.08539988,50087.8567628498,0,5378460154.92674,1875587395.83425,8331175
"44","China","CHN",0,47289482.1421771,7960703.55918901,8467078.34198206,53525.3401492468,35088.9422502278,49813768056.3155,1842019462.91928,351096092.833971,108341.531275208,102057.183047205,109045.935952921,52483.5559082031,7603274.6134147,26413047923222,3389160838520.1,198475991.794364,148243333.655132,100423542.069371,62836579.5342352,2186268.40642292,408,823506318233.708,84364543525.1179,51379652
"45","China","Z02",0,0,0,0,0,0.0218504243530333,8089.42312802413,89.3768027943279,1.03301261559214,0.00523343437816948,0.0520176813006401,0,0,89.5798630755581,216610251.703125,2567743.20501709,109.573638837785,143.125666543841,0,0,0,0,18172048.3365614,222381.255772076,4535
"46","China","Z03",0,0,0,0,0,0.102580491363018,649640.735940551,41289.0797685662,3993.85481454064,0.0423671347633023,0.297916209790856,0,0,7746.27315917225,3579570512.95643,59225445.040014,1784.63942891146,1122.89091038052,0,0,0.00156279011337962,0,429889406.377041,8438247.67456513,76848
"47","China","Z08",0,0,0,0,0,0.000310372343592136,677885.729290084,4832.04549088469,87.737565011436,0.000108885195086739,0.379123856313527,5.08412101637681e-05,0,162.068442551887,736657454,7527936.80615234,314.581147848046,26.6194449812174,0,0,0,0,165457683.575743,1723820.28267165,2449
"48","Côte d'Ivoire","CIV",0,263572.310567469,171185.033784091,100103.971266314,3578.16432195548,838.014827831323,218460791.420133,14276988.6887676,2035653.88824404,4619.67272005227,7901.49420913355,2024.86254319817,5135.77781486511,177530.582763679,170010186283.492,9286424415.17884,3712538.08001256,3191412.08718188,1783932.84139224,1139003.51960419,4903.78914111546,0,1597126866.14107,204461850.902165,2035228
"49","Cameroon","CMR",0,553622.673301511,328539.664153313,394084.496987174,24850.3173948608,2057.42416523696,1383164117.08298,42595052.3581366,6998801.70288415,11198.2325892192,13724.0108942544,5166.96775487526,9989.17663383484,654032.023932024,580835204798.742,35568346799.9236,8902225.4256846,7987765.69166514,3929363.68438502,2521958.20427114,6218.43656929425,0,4282182306.71094,457953602.92288,10653290
"50","Democratic Republic of the Congo","COD",0,391397.664490769,157444.159987736,303304.218042682,92393.0906893198,17747.5645034166,15144049165.2409,163021663.424496,12581085.7909933,50019.7820736695,137349.03190446,1257.17381389995,886.88779592514,5090309.99050236,1768224121283.17,130200557383.689,36707400.7426668,31888724.6891328,14504869.5441878,9266008.38502871,1567.15568815804,0,40494976275.7964,4276935490.21568,59689924
"51","Republic of the Congo","COG",0,315848.099307537,236418.743803964,62370.7134575844,2736.05639453005,781.783110493049,2685277462.83854,30412190.0837167,1871858.96099614,1197.68262220498,19649.2376510984,320.48525840942,83.6034622192383,560238.689773328,181590833068.479,10667654727.0939,1646834.47956619,1465115.08859485,1708668.88164309,1397603.93714559,334.586113835198,0,3861741962.99291,325335784.991672,11672158
"52","Cook Islands","COK",0,27002.3776486665,14944.8190590739,0,0,0,0,0,0,0,0,0,0.0569489635527134,0,0,0,0,0,0,0,0,115,0,0,0
"53","Colombia","COL",0,2933251.00858144,1367900.98501819,1510670.65068747,17446.8779782856,3902.16677068158,3241439630.46229,52704480.9444206,9900299.50081119,9128.19138205617,18135.2753515574,18443.3946586363,154.159330850467,1600698.67919209,439477513283.934,91371822877.3674,11208722.1640533,10573992.7986265,18275976.4452495,13721617.1805164,22235.1414228361,396,24922600942.7665,5962154878.09494,31699723
"54","Comoros","COM",0,1341805.10100487,725974.68365563,0,0,0,0,0,0,0,0,0,5.98773908615112,0,0,0,0,0,0,0,0,208,0,0,0
"55","Cabo Verde","CPV",0,890057.142003684,120603.204152428,0,0,0,0,0,0,0,0,0,0,0,0,0,0,0,0,0,0,0,0,0,0
"56","Costa Rica","CRI",0,610726.93969269,236292.281607648,371411.949608995,2308.59851355807,288.577610664521,25994722.2902101,2656086.78586143,1474072.28299236,932.230474709083,166.455879085697,70.1946508281455,25.0936578214169,2509.85469287279,6705039286.69766,4065883436.81552,1296430.04156301,1173729.00590894,1716948.41262951,1383954.33342963,23093.5307718642,628,336516590.467224,222484897.246911,867875
"57","Cuba","CUB",0,3823275.98337238,2339248.88450866,940134.199524614,4748.76512392128,41.936911169136,38068840.6706857,1803659.98671607,1158140.0076791,1957.0673320719,292.419839638867,2262.94070211935,10.0251706875861,3826.46183993983,5883843136.44692,4269973285.30136,2227508.75432784,1767336.58791546,1938861.8136147,1221019.17142114,46330.668665726,2147,163795498.136412,116497527.095682,1063934
"58","Curaçao","CUW",0,251185.833444884,146108.596210122,104153.346844008,0.00219928579970518,0,0,0,0,0,0,4.85511953967121,0.0335937403142452,0,10633363.1856326,10291956.6710271,16682.9382324219,16750.0371894836,92278.251953125,91213.6954097748,0,512,0,0,2859
"59","Christmas Island","CXR",0,5679.94589424312,652.276303529739,0,0,0,0,0,0,0,0,0,0,0,0,0,0,0,0,0,0,0,0,0,0
"60","Cayman Islands","CYM",0,147017.743805557,64871.1984285397,53731.0078186989,0,1.77991085918341,0,0,0,0.123072153372998,0,0,0.0477890409529209,0,1258858.79388428,1221808.3885498,25736.2027511597,24228.7616823316,0,0,0,426,0,0,8517
"61","Cyprus","CYP",0,51496.2643106764,1260.74763906002,11054.4423169494,111.535690564738,0,130594.121744933,19060.6890633635,8656.28249962379,19.8990717943869,2.14449361537118,192.769446347764,0.689940452575684,0,330083120.368317,254962524.455048,212715.266784668,176340.095715046,159762.897537231,175960.418658018,181.780923623509,0,2996334.04364669,2217834.70990181,27850
"62","Czechia","CZE",0,0,0,0,826.771876322196,3.20438526123103,224659760.472752,18547550.3912519,1767538.11894595,245.999648285353,444.213887595804,498.725458407973,0,134828.695077901,352164436113.625,41517158050.4688,3203279.72436523,2962654.43569338,1406582.70970917,971524.238081162,15368.132836131,0,1989815844.79192,266019867.38895,849827
"63","Germany","DEU",0,1266749.15890982,282671.474484574,535874.33899872,2560.11033988848,1.60487269082731,1911069695.77284,104592675.659698,19181231.1618572,1655.46957939349,1565.91474544525,6930.67310191494,472.4084379673,480059.938635847,916606773014.682,168910876683.789,22694365.5041962,21302496.1149039,14527139.259234,11704661.5547831,28318.7991700054,0,9301009979.0218,1712987242.89186,4364166
"64","Djibouti","DJI",0,592643.109494861,378803.188408964,83648.2449848579,0.178138196199951,0.733087926275114,835563.304050571,4.67174085461512,1.88358724794751,0.980766779981444,0,49.0874042190804,5.70266079902649,403.331031265222,63667754.7066161,43943570.5535509,32748.5453810347,52196.6615121753,42603.6019958127,41960.8826804161,0,33,1949414.79708724,1284816.04493362,21438
"65","Dominica","DMA",0,226268.588699341,144712.244596034,185173.701553345,37.2504492226928,0.493240843041864,0,0,0,11.8548064018449,0,0,0,0,14205799.8129883,13416019.2749023,42666.8525390625,36794.8315783581,0,0,0,239,0,0,20323
"66","Denmark","DNK",0,3275241.79286736,485087.667337319,602347.465027073,120.428022992141,0,5577712.66895863,308324.808090505,166957.449624169,103.967117590176,6.94455185194965,407.872081555181,153.733068466187,2331.98531434914,718219504.650381,504805779.934671,699275.298904419,687230.270935059,348233.116796017,405034.741996601,15073.3533249526,0,6810380.61264347,3885800.19497727,69740
"67","Dominican Republic","DOM",0,1559923.91086611,757530.653701197,842845.324823056,2531.6279821314,35.996211065492,180218174.651769,12568626.2431826,6112178.37370996,1308.79749121797,115.972992132767,1767.94665349264,11.4421646595001,5529.53592564852,21463490285.8822,12213613011.6704,2217476.00449063,1892711.25730682,3445950.02802247,2844057.70150369,16162.997135801,1821,960183013.411321,507254437.162432,529403
"68","Algeria","DZA",0,6184060.52311404,331712.142857229,1630254.478218,553.993888388662,259.313085403559,315303932.623037,48953458.3513081,17848002.5125014,1403.68282812337,1.06988989340607,2944.24831467089,72.6297909021378,162933.723540886,93542464971.3964,32333651949.281,7489486.56353778,6447530.99341966,6004354.84250282,3888198.83617124,47641.8803062101,0,2221789113.63418,916670849.801595,524762
"69","Ecuador","ECU",0,2594615.86549165,2086375.86780739,1005843.47196601,5856.74343656694,1277.59788563991,904961028.583015,21625625.1762274,8690378.36078282,3252.47077545384,75.2117049591616,4031.96983483872,2236.83751630783,245812.226181457,88103375552.5973,29843453142.9491,5013199.86331469,4625913.97301499,4972892.22151809,4013021.66161289,9821.54164644112,396,5020970048.05588,1925906381.66768,6788792
"70","Egypt","EGY",0,1857771.75028078,964585.555464213,195756.479697834,0.459066917307828,0.0445310113628673,329445988.093869,19225329.5266845,1974705.21278608,1.80201890135428,1715.57123209699,126.74667590898,34.0665792524815,1197.29748378386,874837481.689169,405538340.748598,1258497.963993,1097351.60911559,2173342.02570236,1850306.38802105,6993.18904925671,3520,118348093.759555,9953368.84597201,158585
"71","Eritrea","ERI",0,409107.270121676,328140.593657636,89570.6965185375,23.8255333044978,103.46432946869,223876742.058669,2630989.52082508,306083.167235382,140.83307956359,19.2890344327316,2150.85295268423,6.86191999912262,23486.3319315497,77124114497.231,8668503977.27874,1968015.9385975,1930001.06216835,591525.840204367,375974.800579071,82.6757579159011,62,4004865286.89086,438353144.400697,350717
"72","Western Sahara","ESH",0,117.288667429239,19.2251774668694,11.4877531602979,0.000115737790854945,0,2673.35455056823,91.232553863483,77.8119569709128,0.000329630449640269,0,0,21.0933073014021,0.538015297908838,38201.8035202026,23797.4366588593,1434.42990924697,247.584701135755,2808.42267608643,0,0,0,0,0,0
"73","Spain","ESP",0,7640911.21105243,1630284.79016753,2350527.5896012,6734.13520331835,70.1390973807772,728283030.839353,54653083.4390332,20332651.3889881,2350.94239096907,434.048253771616,10339.3706292432,75.3145291805267,375395.477520484,213014500802.042,57989827768.6108,10672965.9721531,9762375.38169993,8852155.53628011,7880524.9418546,83196.0457676789,0,5244452295.663,1544581485.30094,1632277
"74","Estonia","EST",0,309302.538571519,83159.7320604119,159440.394027832,1283.48062741651,8.60236705549769,15494113.2902726,2111035.62705999,889242.33684903,132.772396866576,377.016517495154,123.238192692137,57.1390247344971,25688.4595659097,3985180676.40866,1379628931.26127,550811.905238867,478819.825414944,331834.403627586,260301.193032915,1345.25873456302,0,9943181.32426362,3619669.62305278,791172
"75","Ethiopia","ETH",0,0,0,0,2682.35315856135,18409.3593226637,7519537125.33135,56555599.9502449,4008983.58378265,22545.1927202102,1830.34883758554,46463.8087878003,0,1955344.77845182,1833191254095.05,103217362518.854,38340189.1256664,34990087.2501738,5009347.58398347,4572771.19537721,1973.3297814346,0,41630276872.0351,3007853472.61193,11738273
"76","Finland","FIN",0,1222740.94032289,730922.416764259,803373.19936905,955.751125269816,1.02407279186313,356019963.000575,0,0,142.519190654623,7149.08131117851,31.877313929144,281.692169189453,389381.306257565,0,0,3232155.29064173,2914538.10102569,1210701.32531555,946581.81680663,10077.0157800895,0,0,0,5826484
"77","Fiji","FJI",16666867.0551758,910720.601614424,551179.602150401,336212.87412997,448.16008729694,107.687089238427,5399643.90024743,1599932.71595715,968306.685843487,282.45856337801,350.252922195941,10.9770810654495,1083.65366125107,0,1342881432.02651,726033208.532038,299443.114654618,228788.835274183,58787.4409263306,35949.8134985715,0.763424649834633,2015,68595609.7113847,37303953.7008491,208595
"78","Falkland Islands","FLK",0,2277.42112900665,315.516738055551,0,0,0,0,0,0,0,0,0,32.9929613471031,0,0,0,0,0,0,0,0,0,0,0,0
"79","France","FRA",0,5532621.80616384,962524.892169429,1680594.24798514,8879.51344750882,127.431750907523,1598945494.09577,150575081.450417,26997972.3699143,4217.40745008357,235.612050919444,15117.1597410457,107.5681194067,729717.87729563,1023162399441.87,152227707921.557,17509530.671283,15409984.1443532,8110020.60192481,5970075.65577502,158663.532624645,0,17336182637.4589,3375914627.62701,2495090
"80","Faroe Islands","FRO",0,34047.1963782777,31685.0879945273,27836.364664856,0,0,0,0,0,0,0,24.9396464335884,104.334607362747,0,0,0,33947.3134050369,33241.0780986473,0,0,0,0,0,0,93
"81","Micronesia","FSM",0,131962.181592524,20636.4865381718,0,0,0,0,0,0,0,0,0,0,0,0,0,0,0,0,0,0,202,0,0,0
"82","Gabon","GAB",0,2381934.41760812,144655.109634514,327014.361056621,1708.67875890961,474.954689323739,33420350.1960028,6542261.21174154,1020540.95873092,332.600154864007,666.569007312413,62.0440518229055,828.050969398115,281534.868410991,39106274487.3983,5498850390.8518,597792.601438192,451390.585762012,612083.859157061,322560.718261138,110.776338251524,0,559321921.964751,82553566.3170475,9865512
"83","United Kingdom","GBR",0,11488762.5206844,1831376.48748465,3093019.86481307,1275.95652407682,30.3259611595048,783035243.868941,50043798.469521,24013741.6338474,1235.54590202615,244.901698159287,24851.3270293729,605.352164506912,129662.683568064,94319755634.1457,41939343575.1574,11492372.1819077,10681515.5274509,17952467.3623276,16674036.2712712,125871.469894797,0,1888409878.66655,919971632.464076,3069909
"84","Georgia","GEO",0,760719.113653385,138763.12659359,267919.661927664,1121.29877578013,71.3172862452948,200405623.978401,6022099.47138733,2347795.69122895,714.526988167818,39.373471789062,254.577445459721,3.56797754764557,111744.87145185,65188431669.2093,16172175645.4212,1412664.39729948,1020620.52386372,567731.094956097,374443.672492191,3229.81172884,0,3332365966.07728,857221797.222816,1013619
"85","Guernsey","GGY",0,94013.3086547852,50022.1072998047,0,0.00124158157605487,0,0,0,0,9.28483473016203e-05,0,0,0,0,0,0,0,0,0,0,0,0,0,0,45
"86","Ghana","GHA",0,506645.104756815,280803.110873042,192999.939848771,2219.53120345597,621.624075670777,216915238.268798,11548559.6548231,2230101.36108607,3574.46015595717,15959.1592773432,3474.34967863415,921.812513113022,138310.765837637,62632740459.184,6616022928.83922,4387050.84728193,3143579.16250771,1521287.7358551,708629.654585488,4726.85626020872,0,984222936.044619,153294309.714285,1200158
"87","Gibraltar","GIB",0,26262.60546875,0,0,0,0,0,0,0,0,0,0,0,0,0,0,0,0,0,0,0,0,0,0,0
"88","Guinea","GIN",0,705729.767179649,346508.395998725,109994.194743674,6470.66552681912,883.309728439611,609654822.730944,25680726.7382428,1926945.16842596,8679.23094951119,1685.63737744943,6605.6260535881,2969.68324947357,133972.462329802,1432585321274.96,44196145455.0627,5532907.81858595,5128389.92469371,2359435.32879897,1792873.65242387,2206.15252315581,0,3993347788.31725,275383830.402237,2604462
"89","Guadeloupe","GLP",0,817248.348668925,257740.04751532,407323.446263039,79.3784470327461,0,0,0,0,6.26882996596841,0,18.5360245689768,1.20023983716965,0,53735517.2919312,50159246.3729858,189004.208251953,145928.674170608,43638.3617706299,29128.5404005051,0,354,0,0,24160
"90","Gambia","GMB",0,202390.594355353,29965.8560554367,118872.000185784,39.4542960545205,37.0930833851442,2691485.2487883,165958.878795882,94941.7234132975,145.777749187884,510.63082714437,329.073984239672,1230.02401542664,350.660868168853,472401594.704788,236253674.754879,300869.098846436,231996.141173095,230046.308330595,36197.1239652634,376.834090077489,0,16522007.1073786,7706900.38555174,51306
"91","Guinea-Bissau","GNB",0,306491.068703519,166602.722157993,159671.359292855,683.013837121271,292.239373688593,18486555.5501128,1610342.37525269,793388.604409722,1042.52891011823,59.5149012638722,848.74191009557,296.820546090603,6525.33100120589,1892948867.76301,829108834.886616,773593.317948341,681281.787608742,351371.311255146,215576.514121592,1011.51201178704,0,9440125.02974721,4492106.68616466,505823
"92","Equatorial Guinea","GNQ",0,1161527.74052719,239801.192447424,339206.394460123,2885.80148187628,95.9533983163309,5614765.97209802,431089.074580736,167243.057652406,448.445851453804,186.491462025791,0,40.6411368225235,20046.3553841332,1474862266.9887,596622261.011945,328338.328450849,275363.159953099,190930.194678366,78423.6038188934,52.0177790090222,0,17186874.3888848,7928786.78903102,999720
"93","Greece","GRC",0,2655188.11575939,484935.875305733,976913.690199432,3049.27097714045,19.3541872048082,40401633.6501443,3322111.89743138,1661095.12241618,585.876046824265,107.783898198279,6140.02378838074,158.121960729361,110418.066750839,6712869264.15644,4189252720.56521,2478047.55220154,1903289.72701405,2967633.43174797,2029438.72993637,29362.9690867595,0,184538517.933875,101437282.57974,1020682
"94","Grenada","GRD",0,205209.869771004,134307.223935604,182992.587300301,0,0,0,0,0,0,0,0,0,0,15471675.2407227,14836969.6323242,132725.676025391,135020.213900566,0,0,0,240,0,0,9459
"95","Greenland","GRL",0,28981.2167121806,19645.653640744,26062.3074992375,0,0,3205.21524247789,0,0,0,0,0,4073.15080380528,13481.873705695,0,0,23030.9012024717,16949.1875955453,0,0,0,0,0,0,0
"96","Guatemala","GTM",0,721387.293283127,199566.729208231,367687.765418671,5798.835695042,804.351543659902,119044682.822645,9207131.98513122,3120172.28520874,7140.35493711139,552.659238069435,1565.42384082376,45.229124546051,37023.6370824837,39768321452.6561,17478819394.2908,7347060.3095239,7111805.56961902,4737523.43095255,4441684.72465805,25995.9036453824,0,2220018345.05618,949161588.992955,1443388
"97","French Guiana","GUF",0,407177.808069854,120082.468810737,119809.865872835,337.923428827157,51.3455150902802,30426175.038913,6438668.8097575,1596229.09479415,24.762141833171,3.39929072931409,5.69570102534266,89.0983774662018,114611.317499806,18129343675.52,2752748838.19106,122599.363535756,106546.095574181,94868.0848886073,56730.1267768741,0.868880487671769,0,112463850.871993,17566265.4162409,3483342
"98","Guam","GUM",0,219194.28964771,215301.216599941,0,0,0,0,0,0,0,0,0,0,0,0,0,0,0,0,0,0,383,0,0,0
"99","Guyana","GUY",0,1067274.10833866,448354.176725477,504643.389736481,1043.72719731219,211.827018404395,43563100.023295,4535246.19247966,2097919.28765879,262.320355271735,158.380556859775,152.011902329734,183.562932610512,414341.110810542,6329774995.6292,1404272244.21857,373107.637640739,285927.333469878,138706.683795422,47679.3757605553,218.106279739269,0,26669717.9683942,6235697.90418012,8088958
"100","Heard Island and McDonald Island","HMD",0,0,0,0,0,0,0,0,0,0,0,0,0.113561756908894,0,0,0,0,0,0,0,0,0,0,0,0
"101","Honduras","HND",15800364,1694783.345107,324594.775412583,957292.049697125,5691.48388328089,348.085648622515,170584619.554462,11455674.1977269,4919731.22150582,4484.61047509194,48.0649458775297,607.016640007551,20.666147839278,32825.8827437248,32550485229.9867,16019951978.3889,3384108.34496576,2944534.51820494,2423901.23802867,1675964.08353037,9626.23157656224,349,1442334252.0182,684538411.029874,1574770
"102","Croatia","HRV",0,1063763.85637341,323544.278008737,336161.280208989,1457.73600068285,18.6906823191564,100039026.357596,3928934.73560226,779137.32749143,300.279103639743,25.3979082227452,310.290244072167,247.699720144272,82489.6314017468,32609741114.2191,3644029375.63924,1484576.29279399,1159271.7954316,651824.051847654,470878.061283689,11862.436115488,0,240631815.134089,36460416.5620113,566444
"103","Haiti","HTI",0,4379008.17986773,2169188.55241495,1841998.94419731,803.863294559479,104.819594229348,95410553.4279032,6646819.59764265,3069019.94909387,2139.11206946775,96.778821681859,3459.35805933142,29.8431679010391,1895.76656896378,14130353638.0871,8718460919.2167,4525186.08826204,4266078.57145445,2904445.90019622,1706762.67810966,3873.63371596874,632,2322128983.16488,1355291476.61105,325888
"104","Hungary","HUN",0,0,0,0,548.179764492127,2.13551720486107,89907803.4746991,1582264.6781414,214290.393334111,215.025768221051,502.423463228275,418.681292172392,0,95092.0318549299,26730534466.0078,4559245401.99316,1797408.45785522,1717982.77360533,963087.903332472,827718.178250642,26046.9807349421,0,195248605.836783,35483969.0505942,241130
"105","Indonesia","IDN",0,65381304.4242699,20718844.8158533,24031353.9958315,25010.4270053495,14932.3138790943,2315618537.53473,243500781.221331,89155986.8254201,25847.9126956287,19782.6030373672,1453.08650194505,34366.4444881976,705843.892059901,717657622607.162,251534443685.051,37629253.037183,28766826.109019,27730598.1518469,16069830.9697384,104237.537819058,12854,22744408351.2745,8063569316.94623,49045009
"106","Isle of Man","IMN",0,68071.9950885773,26395.9699048996,38484.907486856,5.1501111275995,0,0,0,0,5.76101145702904,0,47.4702651417777,1.56442487239838,228.215773682913,15379781.4316864,13944003.2043228,45056.0485839844,47113.5599822998,32897.2901916504,33001.2400436401,0,0,0,0,12483
"107","India","IND",0,59240499.831205,15210588.0109979,23946942.6120631,42226.6473032547,9318.54273070444,13388090872.6919,582836423.871377,123440652.610116,59485.4248075149,52926.3644684576,27329.5759375864,17262.3386485577,1196290.14899935,3990108909095.03,758847499756.887,116232175.528717,86857605.4731485,53967519.6705831,37016843.4250043,367817.860176379,1513,146481731200.76,22760978689.5844,8026387
"108","India","Z01",0,0,0,0,293.139563089957,797.182718731519,436003424.093491,6134819.44493325,1764421.13529541,1660.9946469058,240.204963992583,2131.84553446651,0,146990.019088462,358512327823.274,89963270360.4253,3679124.87805949,2891043.88587478,1298747.67894966,662080.138937023,3365.00494124493,0,18144703632.781,3237917919.25841,384013
"109","India","Z04",0,0,0,0,0,0,18617.3915313741,106.762761485404,9.67358583790302,0,0,0,0,28.0637995760843,807389761,50190850.8125,40.190465092659,0,0,0,0,0,49467046.9912109,3029528.20135498,802
"110","India","Z05",0,0,0,0,0,0.000222881448426236,138765.609314396,2067.99277712348,95.9041953173743,4.84191427131799e-05,0,0.142528838736244,0,1484.3886369129,1204137936,77910574.75,67.2389024598524,14.7931771352887,0,0,0,0,268155575.099609,18034288.7327881,1585
"111","India","Z07",0,0,0,0,310.846126412982,1101.88099583127,1531036679.44463,33784626.4146304,1953591.71506368,1298.79121142091,705.808724668808,139.731532961699,0,229929.399947901,121484912199.812,9387581717.73242,914391.43806137,804439.348413964,40204.9091677815,49716.5665283203,128.398975010726,0,6834869126.34313,481856157.021385,1654409
"112","India","Z09",0,0,0,0,0,0.000154424999814051,372692.013142059,5341.84778659948,169.147384522877,0,0.0298912024591118,0.112662911889442,0,893.825870198749,3588830052,195177871.75,68.1224725912325,59.7193647343665,0,0,1.72824325694876e-06,0,659562756.286962,37383051.4123369,5163
"113","British Indian Ocean Territory","IOT",0,0,0,0,0,0,0,0,0,0,0,0,0.126687693409622,0,0,0,0,0,0,0,0,0,0,0,0
"114","Ireland","IRL",0,1706466.54545176,572597.142180511,551594.996414528,704.831054544861,3.82696334211604,100555421.413814,11422221.4261239,6201099.77573278,563.200644330896,163.475890424219,11430.2000381461,228.836053490639,66405.7634176063,11416930548.7568,5200570370.2983,2928437.64703512,2754058.27684627,1394045.51123901,1079193.62619877,1849.03680041282,0,166218913.101481,84936327.6741665,1293282
"115","Iran","IRN",0,901028.038276386,546749.165264498,10939.7270032424,767.861906969523,353.654102432597,356961641.254538,17566513.4502721,7580632.1829599,801.543895272159,3225.16362560843,6264.79159368914,277.883531808853,516635.484233207,250403195043.286,53135143861.3844,6470660.48735372,4257798.9427308,9508887.72517525,5624111.93178663,102444.634271481,400,11063344868.6351,1379557687.36873,832702
"116","Iraq","IRQ",0,1367.71582829952,0.00782341184503821,0,8.70822694763224,9.69995119810985,135731330.247411,373673.556407279,168810.609607081,19.7070831475736,586.977681801538,272.607738259633,22.5023860931396,22647.7913318286,108255882028.237,5828979174.48375,638093.267684912,575201.770681857,996491.643687023,751977.659882009,442.448465498079,0,2047280739.74827,109584170.691932,27785
"117","Iceland","ISL",0,92574.2721333268,47223.2438812993,65310.0888568352,0.0237713150293044,0.0149957821000327,711973.493838354,0,0,0.0736290437021464,55.7764389459044,12.029900065826,1279.41477251053,9960.60981419174,0,0,107896.490919313,91785.6700937121,198865.598606804,169165.523995399,0,0,0,0,40009
"118","Israel","ISR",0,1355180.78769373,4569.96213877108,306854.755623907,2.01324775309079,0,11630891.044915,819661.068994751,486603.654773598,5.42962251862604,29.5837398119038,121.392387999629,2.19821405410767,2193.87254758251,1449839966.54554,967365499.699811,311194.354954004,246594.600178215,749502.34042263,452339.164203999,9706.57639525806,0,33477131.778903,23115221.5586271,7464
"119","Italy","ITA",0,5977960.72381409,923837.027546565,1674888.99679454,4422.15200415131,124.169004528118,875190032.940713,61583689.595172,19936209.4321106,1254.46679515882,184.407580499304,3691.65875731254,54.5667893886566,208224.129145822,146864905589.456,51060270754.0125,12889092.2638937,9684058.82383819,8578866.93120207,5512771.9579884,110492.473197133,0,11058843047.802,3413648633.35316,2047858
"120","Jamaica","JAM",0,947462.77077732,496238.635200505,671483.597026592,969.692301082511,6.93377784200441,30203383.5889934,175720.043759253,125435.448136168,265.623478090517,60.2715447809314,245.29718574897,1.19828301668167,0,1854593538.48282,1424533870.1944,996438.666277677,894180.985947737,1190396.98500419,689696.549921989,9320.20167587064,1112,41204594.6911357,31954902.1426707,162216
"121","Jersey","JEY",0,32736.0864868164,0,7664.22543334961,0.00759540608314561,0,0,0,0,4.52578081077352e-05,0,0.257359534659744,0,0,70792.984375,69176.0703125,4642.86083984375,4642.86083984375,5668.3779296875,5668.3779296875,0,0,0,0,278
"122","Jordan","JOR",0,39076.7072753906,20016.568359375,0,0.707345022762333,0.00123429598738243,1900738.87223871,45480.3269075433,33260.2745288539,2.81898420984535,34.4139519591117,60.1949395365559,0,2243.83222256463,1456261963.7377,1119847272.68909,329419.731741831,264207.010839825,792230.054652084,702591.969136,5519.98877938971,50,28018598.7130118,21523219.4565688,312
"123","Japan","JPN",0,27158426.5842843,5858696.58076728,9272734.71695745,16194.8043724665,26.8496778336066,3313211558.14457,202923272.924672,92704610.7591609,2563.04286350432,3659.11948785023,59.8966091104416,7672.41824690625,18417.1117198212,175710068291.872,88928067578.3115,21802016.9810632,17192772.4528468,54774140.8861716,28786510.2053184,192013.673427396,2276,8828112307.70761,4409373051.59884,3704243
"124","Kazakhstan","KAZ",0,0,0,0,182.54821816737,240.690178529673,167915052.732661,10301306.6027434,996445.219990596,258.796738637525,13316.5385707548,14033.2537696401,0,3991711.30571565,193742452234.312,28131492510.8008,4346419.45709798,3653490.44035987,3444116.57539113,2801986.1751998,15019.2176190389,0,2872377719.21899,604050396.330166,14914078
"125","Kenya","KEN",0,2034332.25418204,463066.053365846,503878.664341455,1543.1844954299,2952.57763699045,333857960.456451,24387731.0331884,9031547.66099489,5716.80909256279,25.3231909445021,32926.3069216628,2.85517978668213,1733656.07067227,128479317476.533,39044685062.1063,12711465.8258865,11167319.6755467,4182273.36817423,3761722.39132167,3410.68614534053,529,4111480689.85484,1495603689.15031,4673065
"126","Kyrgyzstan","KGZ",0,0,0,0,36.2145572826647,80.1512937886729,68887121.8057757,3649650.03638355,648292.786370022,113.926119034403,19.3684177669929,2300.90109299336,0,266513.011811847,449589904895.664,83257111168.7168,1667407.84736056,1105472.38536876,459750.166481927,220506.656104855,23727.6814690021,0,21809207201.6238,3535544051.73013,1456872
"127","Cambodia","KHM",0,546838.070552496,222207.665147066,192636.465195689,2845.30165486975,801.213963016785,2082846688.05471,99143839.7210639,8798412.5651288,1907.93446856092,22081.7205637823,616.935091272853,205.199704051018,54969.7756515559,889850650505.854,56560294744.726,2924637.6014725,1822640.34954124,458594.620709809,237457.729951113,744.997117974203,96,6600899061.33187,600640016.139509,2283471
"128","Kiribati","KIR",0,463649.298584931,426953.648363519,0,0,0,0,0,0,0,0,0,3.6286641061306,0,0,0,0,0,0,0,0,52,0,0,0
"129","Saint Kitts and Nevis","KNA",0,171697.889815807,104971.921716452,96453.5726771355,0.798470116481568,9.48867664764438,0,0,0,1.64534507319682,0,0,0,0,6106043.74450684,5902646.09033203,30463.7776794434,25048.6768534705,0,0,0,202,0,0,3054
"130","South Korea","KOR",0,13043967.9546272,1288102.64898134,2173077.25957368,2314.78281931284,59.5423026136995,2613786737.92544,101227600.269615,26357067.4610631,347.856484618982,724.863625043421,310.85787809364,596.834623098373,9900.06326881423,296300092346.398,87989427230.1653,4546144.12196541,3123505.43656668,15724447.7761806,11509786.4826733,106017.491611528,0,4780843453.20475,1316027415.84789,628962
"131","Kuwait","KWT",0,143749.681461119,12315.6555233314,7467.9014935628,0,0,1712771.96624443,0,0,7.21067869458906e-05,0,0,25.1995048522949,0,47243247.2234322,26107497.5020808,3861.34473314509,3438.74770385027,40005.3576126099,33424.1174316406,67.0985089021269,79,271262.993172288,153819.876033187,667
"132","Laos","LAO",0,0,0,0,13107.0969239812,1906.83330841921,2329796016.81311,74373419.5077407,5216181.30853304,4664.44289566486,9994.78581376525,379.128731216281,0,223666.164212086,1677373498742.17,116885381762.642,3512731.23230651,2705656.90474734,224883.103504289,106319.247693986,1679.92714681125,0,53712195147.387,4339462197.83659,4099157
"133","Lebanon","LBN",0,2103206.24790955,119327.28585954,687757.66003418,16.2742764955856,0.0132405688654622,19755461.0509449,537693.614633854,95029.2596685574,54.5502440498386,6.37154263572302,147.738692112832,4.14180374145508,778.736922174588,13809207752.2452,4584427531.94751,1312649.87026608,1236559.25001852,649296.871855408,920660.430920184,11742.1670471536,0,522736773.043833,152379244.733193,25047
"134","Liberia","LBR",0,1628399.43033642,1071773.07392153,928644.952191374,2150.95440068309,465.220281128535,33517089.1221884,4616235.3471475,1545224.38752016,846.92894546555,1035.5075692411,6.93363668866821,29.3401506841183,33270.7350446713,16630971205.8691,4370417200.82816,587129.674217473,384178.922232543,176693.888851369,452502.138163924,197.932343524619,0,281820121.780531,76764904.8259173,1489187
"135","Libya","LBY",0,33569.4685126797,4687.59795035458,15048.8709607089,24.2355383998813,0.0279500370548286,19808611.4702457,3543357.18610655,1630908.63030561,36.8340347501656,0,611.149498654318,14.7723923027515,348.699532588245,2652128560.95194,1439397511.96258,813411.388451398,639440.43920438,832020.731698204,440567.36163212,9582.79135575125,0,36758940.8462574,18315596.4574475,49801
"136","Saint Lucia","LCA",0,385637.368939698,252237.334303617,263826.767056763,13.1336298715923,0,0,0,0,8.98374712435758,0,0,0.431679904460907,0,17397630.1985474,16497325.3590088,96136.061706543,83464.452481091,42510.0705566406,31679.6322212219,0,266,0,0,13240
"137","Liechtenstein","LIE",0,0,0,0,0.158789867807352,0,2283338.99827417,76765.3667040197,7125.77916624577,0.128434586643228,1.09199426416308,6.19137868854061,0,386.888455763184,932312754,91877922.125,24536.1544036865,20820.0754529489,1871.2190246582,52.067310333252,75.8230142593384,0,54534340.6677246,5517772.37078857,3225
"138","Sri Lanka","LKA",0,6315197.62086252,2201394.65697279,1949352.73044728,3944.61922504548,400.558689692989,159594224.487628,18806770.6182748,9559357.42011801,3969.60349135298,3957.47017704102,282.749448652152,54.1056040525436,5900.35699877827,46366546665.2135,28396468866.7306,6232866.17366156,6092902.86860264,3502914.04129746,2147017.88978308,33161.3131467932,453,2060010659.89304,1153615883.40231,565661
"139","Lesotho","LSO",0,0,0,0,16.5763372963321,228.985664922097,2701025.81153631,102575.181488557,24097.6458419061,172.997261092793,3.36724309402052,2787.59529576609,0,11202.5279426169,23564811338.3125,5498717290.64844,978375.978088349,753015.50748769,151585.266967058,62483.3262026981,126.312455690348,0,1363638012.91125,326332860.823158,186806
"140","Lithuania","LTU",0,388378.784292555,263404.00089711,84083.2272424159,981.614510106351,0.302201478096558,36460229.6683087,3044530.15452085,720037.034119975,301.259206912448,191.379096836434,240.074323881358,13.717170715332,81215.9003014668,12182432617.9555,2919279382.73214,712764.309365273,642498.530427231,480482.224593095,426786.31355777,26206.4550669392,0,45450564.2278416,11776924.5909405,621160
"141","Luxembourg","LUX",0,0,0,0,33.9429910748744,0,29613453.082472,1166950.5430626,171851.492814964,14.4610701216389,1.55288911052048,143.229891223955,0,5093.27175045092,5986144559.5,1038930663.375,212890.102020264,207952.43144989,124207.492675781,113934.186178446,122.573880915763,0,202405271.003025,34503283.7458239,15259
"142","Latvia","LVA",0,911486.889804822,367149.573995113,489348.303149384,1823.07597890403,0.991732803938984,79983539.8097152,3591730.21695923,1547426.58689928,363.85882939041,83.1460555123631,190.393905503203,18.2033874988556,102090.817427769,6429113254.81772,1686178214.37113,819255.195878744,760711.996631764,494521.842536027,470305.925107692,11189.4294919452,0,18294216.9046195,4973572.85445445,955144
"143","Saint-Martin","MAF",0,160785.562133789,37823.7137832642,124959.420043945,0,0,0,0,0,0,0,0,0.562785983085632,0,2514456.71484375,2464634.76171875,0,0,0,0,0,40,0,0,605
"144","Morocco","MAR",0,3413082.62288221,259963.56124992,820044.172537054,459.127652445753,404.893905580787,370544717.796613,20533227.5054408,8556130.43365364,1654.88781231695,329.093508246122,6743.67281980556,120.585883140564,123711.24572167,115711787699.072,39582446495.2926,7119657.35133789,6017726.88070192,5177505.84682157,3246173.25022738,115572.226328921,0,5992921246.85896,1997544871.43027,603212
"145","Monaco","MCO",0,0,0,0,0,0,0,0,0,0,0,0,0,0,0,0,0,0,0,0,0,0,0,0,0
"146","Moldova","MDA",0,0,0,0,33.2629360567128,0.0366605819590052,12244082.4953337,534855.778224188,195471.009887622,66.118483065803,7.73275370837655,35.527116924765,0,9584.10413167476,1634840201.875,720667565.428711,248733.689990997,217912.264559373,99669.7151107611,66925.4170413613,6116.06498651812,0,23883834.9924,8840100.40421751,53602
"147","Madagascar","MDG",0,3261561.76794116,1138946.9931405,869245.018940593,11125.3326947082,2650.95967363427,374749286.519391,37676775.796327,15890550.3604664,15054.7534793849,5237.30620359199,10653.1254111043,1153.15012168884,602783.999197977,109555608926.567,42298409918.2479,15479976.1272109,14256593.4623843,3336276.48195654,2748190.86043538,2452.79431962308,929,4321138672.49873,1799422575.45371,5673174
"148","Maldives","MDV",0,868471.624563217,904257.457513332,0,0,0,0,0,0,0,0,0,11.4443454742432,0,0,0,0,0,0,0,0,402,0,0,0
"149","México","MEX",13093364714.5312,9699928.71778811,2977068.32647422,3838432.91386884,54863.0543518755,2584.04727349794,3068435875.30421,201724801.804576,56079169.5299344,17384.0701779101,13215.1977022748,29875.9986862023,2890.34559506178,1098734.12961113,1240823971769.85,292086952151.613,29047876.8234469,24368078.6042165,39856830.2801649,26975649.655895,183837.56978325,1157,24438478804.5024,7052293912.03178,13024086
"150","Marshall Islands","MHL",0,117662.025385141,95396.1538285315,0,0,0,0,0,0,0,0,0,0.0877608060836792,0,0,0,0,0,0,0,0,2,0,0,0
"151","North Macedonia","MKD",0,0,0,0,585.396519427317,7.35199026070435,35574285.9825228,6724059.26958989,2485744.29590376,156.183181840026,24.5521553393919,506.540834508164,0,46842.2647274722,14721353102.5039,5648984640.15055,557525.843561573,368415.348310587,464874.111446962,228145.998471856,2445.38116376999,0,759867415.577581,310751127.058294,215284
"152","Mali","MLI",0,0,0,0,533.192591102697,698.288576412524,673333480.767584,40977541.107838,2513866.5052446,1718.86588900267,10298.6812911772,10830.6998932068,0,74817.6183140216,734862552863.146,39639443218.8044,4573487.10685767,4235654.68561246,1502562.23425008,922403.43977482,845.22679914308,0,6839930505.57331,409809863.344383,1582419
"153","Malta","MLT",0,19149.0389662804,14893.7114472117,0.135686784982681,0,0,0,0,0,0,0,0,0.751867413520813,0,0,0,3257.455078125,3257.455078125,4504.80224609375,4504.80224609375,0,0,0,0,77
"154","Myanmar","MMR",0,4960670.25210058,1391005.01528713,1212646.7402895,33096.7006890826,3320.95930759933,3713030075.14513,152079166.318191,29190953.1540211,9754.07179900878,42295.7969514719,1565.95439034197,11457.0800738335,830276.564153557,808357642775.893,96580474419.6299,11229281.0235471,7701298.89171486,2724519.49126882,1518287.44602943,10963.6501936739,323,39204131392.793,4840667624.99927,10192168
"155","Montenegro","MNE",0,417195.761766315,108772.593710899,263742.514861941,330.850109622599,11.5878909582011,34476641.8217273,4702427.53480259,1828963.08730542,144.447733360734,116.995964419795,218.173931508107,0.312498033046722,39560.2397354356,17033214089.5256,3222567705.72865,317094.7069484,267030.862274502,159518.595683623,77431.2652859539,2231.48460224216,0,892995548.190311,196066903.447815,207246
"156","Mongolia","MNG",0,0,0,0,194.475652180775,180.591012906907,80244451.8925982,3029839.13106605,374665.426226811,140.221595742185,169.042452572379,21046.3412070439,0,768418.573727766,62511057465.7424,4301432846.88813,1100053.68553512,1037204.75754329,1184098.80311502,932866.046612373,2.63348015190927,0,4118099985.20213,281452047.71748,6122545
"157","Northern Mariana Islands","MNP",0,70782.4799909852,38852.6393806338,0,0,0,0,0,0,0,0,0,0.10684552276507,0,0,0,0,0,0,0,0,311,0,0,0
"158","Mozambique","MOZ",0,2150026.6378843,1170870.1871391,485955.291551166,25271.0870707261,5034.28120165946,512111132.485123,30175845.96648,10799093.7401824,20117.4482744884,12779.0238234821,3327.56521122348,212.777170062065,1336902.92772021,107877345967.713,28972059535.8858,15005821.1391223,13210247.6083018,4050731.74954313,1920829.60961711,1393.23191225404,481,2504637403.72252,687404192.271837,8728291
"159","Mauritania","MRT",0,194.299496621383,0.00699592410080641,81.7923313081264,10.5531079546948,56.5252636771966,232488932.959298,32004911.1636099,4869734.27754715,62.6438917381738,2129.85054657527,5801.87421338523,1375.85203361511,4682.41267118506,70434656262.5502,5801677767.31088,1804031.1260393,1782874.37809813,212295.369633955,137090.23133149,71.264993444734,0,1399799423.74712,90344064.3155562,364298
"160","Montserrat","MSR",0,23070.4562901588,7334.86998033524,18341.8215245338,0.536915332364013,0,0,0,0,0.118133258103921,0,7.0127754048357,0,0,209466.691605344,203392.972993164,0,0,0,0,0,71,0,0,2044
"161","Martinique","MTQ",0,374008.974315925,144167.548028868,273821.744628109,14.7047962147177,0,0,0,0,5.2518603605315,0,0.187165766954422,0.995967984199524,0,56431829.7875462,52909672.5644588,173939.017089844,170170.332594045,74046.5386962891,72530.2436418533,0,300,0,0,17500
"162","Mauritius","MUS",0,583420.761643472,227697.009007454,0,0,0,0,0,0,0,0,0,0,0,0,0,0,0,0,0,0,873,0,0,0
"163","Malawi","MWI",0,0,0,0,1082.95073268274,673.760952043384,68543072.0617778,3404164.68903476,630598.336437532,2638.23581382413,19051.6514297236,1016.6362976507,0,53178.5731065112,40224292390.092,9194877116.72943,4556346.76964194,2997050.47407835,572924.388753421,377223.322060794,2196.54986531064,0,2675125190.5426,686043534.859772,444628
"164","Malaysia","MYS",0,12954695.6508646,2482134.11459675,2509501.96006618,7139.13753372998,1518.51880932288,518472595.419617,86433506.8529081,24035057.8095175,3295.96578547187,429.320325913955,2.8877145218326,15773.8715407848,119836.130054601,182535604833.162,43201003542.2268,4014273.1317724,2852456.88999044,5029640.34402087,3174905.49717434,62541.4774475603,1413,4488478632.05174,1048982518.39604,7749524
"165","Mayotte","MYT",0,400135.229593992,183985.022726893,0,0,0,0,0,0,0,0,0,0,0,0,0,0,0,0,0,0,159,0,0,0
"166","Namibia","NAM",0,438596.170015819,345459.410783172,96260.6233814731,152.966632613953,727.466406920812,39324627.8395257,1726991.68420151,509320.427941557,573.117154290199,346.159814288141,6410.8872623931,93.7367651462555,596562.054691934,33962239076.7837,4985221669.9405,1303364.93529508,1238887.12610712,501938.193317797,458423.061082065,0.858166108102851,0,368847992.54706,61010816.4303791,3671058
"167","New Caledonia","NCL",1315390.4140625,256625.90817841,101747.198385993,127560.67505051,915.448044627903,35.974868903503,173470.009848834,0,0,55.458103406774,0,42.7297141402138,0.206638097763062,0,76571030.4565268,62924369.891358,112644.329750374,91409.6662507327,97287.3347342014,65770.4052696228,0,377,4311298.9465316,3423234.50247098,195343
"168","Niger","NER",0,0,0,0,11.987523202726,26.4600298587131,459747597.961277,26574113.9809418,1789416.95399665,55.8041329084063,1569.09386851825,6341.99348522579,0,62707.4437326075,286855288867.204,28209138488.6305,7442698.84280145,7224887.37939786,1849031.80855802,1593785.97083596,4530.19221681605,0,4476414550.45176,401598696.10946,495904
"169","Norfolk Island","NFK",0,4851.6764831543,889.475631713867,1694.25122070312,0,0,0,0,0,0,0,0,0,0,0,0,405.994415283203,405.994415283203,0,0,0,0,0,0,23
"170","Nigeria","NGA",0,3712447.52519041,2208849.32674273,2565803.00479373,6025.97342007375,4332.66826150992,1235404625.29283,97922688.1147143,19392088.2841922,14907.3274538489,30811.3508467098,20308.6253044016,18761.6890563965,423125.630788444,1717878038018.29,176733029864.008,30794996.5052344,27329436.594166,22602453.6228635,18071006.9864518,94852.3056845414,0,17955344862.3854,2349830289.08364,5291295
"171","Nicaragua","NIC",0,424994.884560503,142897.032690411,290097.035143286,2227.61854317171,534.143750582712,17485490.7006601,3790958.72432601,1309633.68032088,2632.19602154434,152.177666579839,399.963686307457,49.368510171771,17470.4519357664,15993400686.9386,6154291542.24691,2089813.19412244,1833320.58904799,1616950.0118129,1299022.97887909,1801.39078977565,41,640986899.922807,235132320.024103,1569661
"172","Niue","NIU",0,3814.49830043316,1655.33849072456,0,0,0,0,0,0,0,0,0,0,0,0,0,0,0,0,0,0,51,0,0,0
"173","Netherlands","NLD",0,3780130.45871991,489005.765481166,800731.324192472,49.0446000224396,0,128708682.549683,8274479.30362331,3509512.22851199,47.2180939476988,261.815769326058,2927.17296935385,2097.84374284744,20459.0611792196,14913410482.8572,6948725787.31171,3663852.62584686,3573668.53496092,4583193.69120932,4136398.65585276,67842.1495863878,0,26176815.741458,12057943.300043,409220
"174","Norway","NOR",0,2807605.37837308,1405913.80069492,1355158.96927695,1137.8027478176,57.3461017942179,92781595.8526649,0,0,211.950842805486,121.015476687695,439.407046358626,10704.056885004,232671.747098013,0,0,2716460.70610704,2234464.50091674,1120922.22791595,803580.873460267,4950.53874283488,0,0,0,2952831
"175","Nepal","NPL",0,0,0,0,3376.72079828401,3371.38330675966,3160677799.56348,92274252.3079075,6618620.53260758,9981.39914162276,4531.8927569954,4020.13888024596,0,417551.615094178,476181595937.391,50020778386.396,11614712.8158695,8213535.84627959,2193633.44141665,1427496.61431266,6178.91905061333,0,62249539091.7647,5537657820.25345,1579666
"176","Nauru","NRU",0,69895.107421875,47383.1791992188,0,0,0,0,0,0,0,0,0,0,0,0,0,0,0,0,0,0,0,0,0,0
"177","New Zealand","NZL",0,2254803.35395713,879269.660463402,1071359.57984894,15689.4112136689,13.7893920594391,66169459.0385633,5819248.83170969,2776385.51432595,398.644022018754,0,30823.0743573562,4111.27998289466,4152.40139843723,11103899841.6173,3918463637.83661,1940185.6765889,1731397.28087354,2036766.02516453,1589042.64264169,10707.3807746088,0,553559687.200241,180399764.679953,5604501
"178","Oman","OMN",0,578762.784915569,178854.14546709,134339.278699396,4.81931934854731,1.61539911616663,8495810.97509677,356505.574446213,207408.075532517,6.52122872842784,0,62.2540464065337,34.9126178026199,0,4968098129.44999,2996954699.85431,403852.425321787,275865.934886095,250500.969845611,117903.587339997,69.8863494196229,488,214717986.503146,130269181.665437,5782
"179","Pakistan","PAK",0,2806848.02041614,1187003.4365299,1029042.07570678,184.958858996888,1215.15897120601,1766402200.00204,12900330.4494936,5043036.99180203,1412.10181370406,1341.97608197271,5260.41068934844,7759.03454971313,390471.9472333,679150303184.609,170057878043.968,19877750.0875957,13719127.6531855,19588568.6643317,10566302.7531288,34306.7569479508,0,33327828740.983,6511687658.40546,755238
"180","Pakistan","Z06",0,0,0,0,106.974816625849,390.730653614704,197849340.501405,1555098.68214203,456112.115057014,694.636017725748,50.4689566103043,814.082758978317,0,84728.372906465,140628127471.486,26615383098.3609,2155733.09395845,2284892.52430509,296168.244575527,237314.803083695,1137.84559720216,0,19869181000.8265,2946400229.61554,418817
"181","Panama","PAN",0,579309.237589364,305166.017740935,364375.116590057,1706.81035386918,341.676388405184,19628946.6937324,1648951.45438774,1020851.29875112,685.623415522035,143.242690004525,132.365071600582,327.841555088758,8751.13709907729,1949054191.23855,1316437529.82072,750019.685718627,638103.62987837,1037306.46066806,757963.805707104,3396.98308135264,1038,89903209.3285318,60242472.8746275,1387446
"182","Pitcairn Islands","PCN",0,117.710121154785,84.6430816650391,0,0,0,0,0,0,0,0,0,0,0,0,0,0,0,0,0,0,0,0,0,0
"183","Peru","PER",0,3534065.6266225,1373432.6201788,910983.949804762,5228.15738132563,4344.74506113595,2230352874.10277,30125310.2517388,6933392.16868519,6192.0693425315,10092.2889091189,21538.9045342008,1772.17254257202,1503530.07411329,365411161684.969,83156673827.3153,10125494.932503,9719264.86872059,8396272.83442727,5911411.88302285,12203.6403717978,0,30744491155.6744,8979979949.58346,35347892
"184","Philippines","PHL",0,41335680.4669709,17813943.3069321,14772363.1501557,4775.27988127244,2365.27252842139,855207468.681807,71443650.048207,25803088.0149423,6960.03196686535,11406.4562387012,98.4097235618482,534.537650942802,13436.2921199288,80211991963.3573,37584186011.0959,10894611.0321534,8620600.55965608,5730091.78673659,3822083.22611816,41217.3957281942,10339,4052389684.23402,1775817943.71197,2246968
"185","Palau","PLW",0,76106.6554926634,72165.2080180049,0,0,0,0,0,0,0,0,0,0,0,0,0,0,0,0,0,0,247,0,0,0
"186","Papua New Guinea","PNG",0,3924258.75586514,1576541.21179598,2860775.70763688,963.431180413259,4953.78539711043,75361243.211235,8826827.72461,3142018.49932649,4779.55614631882,4690.90112459159,5.5237229358771,589.232544317842,257056.682060269,27128745442.5584,10377552762.772,3803160.0375214,3364537.73588084,379985.646442007,279719.756866053,6421.28289547061,753,957427092.705469,434312215.974725,19845115
"187","Poland","POL",0,1059467.42049581,342788.920368767,502633.515129553,3460.7691979444,12.3583944036406,508370235.50933,21524891.7310558,4945501.17850689,1559.88350699125,2069.58865400183,1581.5256365787,688.279303014278,375875.374126483,152744556581.352,30937802365.2618,9194111.74462891,8690227.66016384,4852717.89188588,4672138.7552697,253495.407024454,0,800730149.896259,165986752.918463,2898948
"188","Puerto Rico","PRI",0,1319776.47805008,371786.30742351,385155.37584567,303.617934599485,0,11505560.8644693,556603.029704596,387441.337993946,54.2688542516299,0,65.5297623479789,0.257258236408234,0,1653222783.84868,1312239126.53955,1523575.23893738,1441917.44613237,820464.390686035,699903.115705621,1233.57451778929,746,43759560.0302893,32852620.6972659,129690
"189","North Korea","PRK",0,2064892.77243743,445852.24501004,415513.825272179,2692.65521045062,953.497286073565,948131921.276101,64590125.6134407,16834684.4266261,4205.50448619742,638.728887291509,651.151317474275,5546.67155385017,25947.1353323346,130736016755.863,35807428067.8201,6820625.14202929,4857551.53037948,2483416.43735336,1266103.07684184,21373.6530993478,0,4152696854.67251,1136909507.4203,942176
"190","Portugal","PRT",0,2961419.87732834,480410.455017815,584088.270502267,1456.94279819417,22.2204826599422,93092469.169841,4970552.38120604,2570611.88875924,765.320849283274,17.5473888053093,720.158898844266,108.492772817612,63490.736517403,20282931005.9051,7319576562.50651,3240927.78529358,2572658.20174024,1968791.14683121,935040.931003109,48237.2763461001,0,441462178.602168,155838435.78977,191268
"191","Paraguay","PRY",0,0,0,0,5337.38161279251,607.314253880348,916308607.125297,6917785.02620946,339471.024194366,1835.04132548266,3469.62465056591,10866.7898575816,0,482752.017632318,86135146453.5264,5627658815.85743,2351556.23529257,2090961.54281965,2064672.7048013,1558208.07145857,45014.4274567853,0,1707926383.92232,157343790.09541,4886413
"192","Palestine","PSE",0,0,0,0,2.62522120463215,0,4531721.68953264,1861151.66085077,885958.425223354,10.4714682311484,9.3180766456062,226.436034808065,0,2721.13127624442,3876980255.37693,2505594772.17779,325946.73922348,343104.104221491,690401.159145355,533738.609703407,12692.3955179026,0,188801878.441752,122384603.513118,2491
"193","French Polynesia","PYF",0,528868.653513428,419853.496743174,0,0,0,0,0,0,0,0,0,0.859989655087702,0,0,0,0,0,0,0,0,838,0,0,0
"194","Qatar","QAT",0,61474.9920086323,27120.2455086346,1608.25414593892,0.000266553674547015,0,626.873673067298,0,0,0.000883085421822531,0,0,23.0540086627007,0,13510551.7338218,11140047.913874,7130.91161596775,15827.3394644633,31951.8027381897,25831.6624298096,0,90,721.058724880219,589.234183132648,78
"195","Réunion","REU",0,956173.090523243,183638.569297791,0,0,0,0,0,0,0,0,0,0.15346696972847,0,0,0,0,0,0,0,0,160,0,0,0
"196","Romania","ROU",0,69465.6145635945,1558.08231274784,26922.5730820823,3945.66323251667,46.8363942196192,463134299.817524,14067137.7531133,3273211.22731703,1454.78095944834,431.131107832072,3369.07899826638,0,347513.559244742,73821704656.9967,21490686931.5829,5282264.49034418,4296171.29904281,2201544.27872186,1517278.0786488,52761.0372827341,0,1725539691.64565,526515463.36591,1607625
"197","Russia","RUS",0,3884757.78719088,1191963.97318767,2002542.03252131,36840.174990955,519.358530315935,8873225084.81062,77104976.2552771,12572290.9511587,4400.31583901843,48873.0988814823,11457.5947169004,7690.98990029315,11228286.7449391,915804480191.707,113423439456.682,34625087.9152223,30085224.8714612,37025720.7353738,28189473.7090529,206148.840163691,0,12525693481.5308,1792304361.08902,142213077
"198","Rwanda","RWA",0,0,0,0,218.496851108497,187.911220041254,70871033.6137447,174496.052942088,19861.5232306622,522.932920674051,1531.87751641916,398.888458416021,0,23121.3107442005,17174627214.8516,4281495917.99658,44614.727077961,22018.9301293939,3776.42338769138,1395.22609710693,13344.853178463,0,2336815615.292,678478069.080096,136814
"199","Saudi Arabia","SAU",0,5727457.07676019,3112251.91153147,239592.064165102,6.56280524695834,57.2723060203428,53356886.3151511,5488.84573242632,4111.98227547643,40.79499360501,0,712.420109886308,1093.33621609211,26.0200817087358,28156933169.2397,10109251623.5269,1473354.62442394,1150387.71804208,1568377.86186454,1008040.76144148,3151.57574146282,1803,642656090.102042,281555062.928727,28560
"200","Sudan","SDN",0,7262.2886261033,3846.69319196884,1206.88553450261,691.341043804252,797.509039749457,11888097730.5747,69062902.519227,4555676.97548547,1600.63753691656,163.316284856293,26711.4062847982,186.50164937973,814086.414051826,811134460371.678,34770318905.6952,9554138.69605905,9128796.71564204,4873870.54754373,3788605.28089562,6267.56138359142,41,7574808238.64152,415489763.307767,2937144
"201","Senegal","SEN",0,2188940.66138669,532497.412184714,514961.544400953,923.969307560988,264.299835616482,242149694.610598,15258032.5343172,3943165.41409823,1654.35506816353,6404.31503787811,7036.09177580322,14965.3957042694,16838.8155804657,80813206716.7459,12799796211.6455,27979.603322506,30130.9560115635,3256.72386860847,518.777526855469,2497.64622077905,0,355923070.058958,70835248.4350767,1035447
"202","Singapore","SGP",0,2991869.58549468,395463.773692377,1236967.62363434,0,0,0,0,0,0,0.00650762626901269,0,97.5568542480469,15.4610938884036,109609486.101318,100864824.854248,8975.49710083008,8767.04968643188,560738.4453125,560738.4453125,10.1459488232336,40,0,0,1367
"203","South Georgia and the South Sand","SGS",0,0,0,0,0,0,0,0,0,0,0,0,4.71447106206324,0,0,0,0,0,0,0,0,0,0,0,0
"204","Saint Helena, Ascension and Tris","SHN",0,6513.52896728109,5856.68010568619,0,0,0,0,0,0,0,0,0,0.10622476786375,0,0,0,0,0,0,0,0,0,0,0,0
"205","Svalbard and Jan Mayen","SJM",0,45.001549367822,25.2633129144524,6.24619103598525,0,0,0,0,0,0,0,0,1746.88171994686,0,0,0,92.7088637407869,82.7189557454549,0,0,0,0,0,0,0
"206","Solomon Islands","SLB",0,1269624.25653044,738438.332769023,920667.620427184,108.682320559303,227.458854471643,5428136.43925344,0,0,221.18108556623,0,0.345559362664387,7.06707265973091,0,211311842.070016,176575701.321509,0,0,0,0,0,342,872157.912702127,629956.507376761,702267
"207","Sierra Leone","SLE",0,1212762.69560127,259415.669632802,466258.721232042,1341.59954707187,135.403433741139,25660024.4290739,2945805.26000194,1183496.53670034,1509.73689384317,773.179698240594,428.672543120731,9611.65085411072,11004.3428160056,9589096772.60589,3105561110.84242,1020612.83019838,913101.562744421,448396.422920745,356062.575574756,931.198180935229,0,430214359.991116,154033700.267501,472191
"208","El Salvador","SLV",0,1067011.07810163,380430.368208975,626533.782387616,1207.6208068092,0.887148790523736,21681169.2439445,1929036.96603203,927410.42957486,1864.50851309989,385.063629713026,228.93560645044,1.48705267906189,1335.83254238432,7304850734.9838,4407505088.00214,2287536.59909955,2104267.87758206,2072969.91443348,2017208.17998926,2660.18582831986,0,149347415.398495,89678707.4049587,211230
"209","San Marino","SMR",0,0,0,0,0,0,0,0,0,0,0,0,0,0,0,0,0,0,0,0,0,0,0,0,0
"210","Somalia","SOM",0,775861.640646071,400716.71448817,298416.440239298,355.215411083143,797.237530365008,141139404.02854,22686477.8408242,4336195.98110245,870.770317818815,4.20933891530149,15808.2912218176,110.034505039454,661289.575917451,136868154698.881,22940826797.4738,5419744.48606478,5063749.2176796,1892380.62547433,1272631.68484971,2746.13585055711,0,693070367.001713,153764758.815947,6215105
"211","Saint Pierre and Miquelon","SPM",0,27852.4994926075,12846.7939428235,10682.6489963154,0,0.0796258791792461,0,0,0,0.0393350639669172,0,0,0,24.6590791106214,111461.946896266,109688.784576891,3011.72158813477,2861.59638658166,0,0,0,0,0,0,1907
"212","Serbia","SRB",0,0,0,0,1435.50939751729,31.9616115235741,140123853.611564,5524290.40580624,1118489.56965322,455.990396292864,301.093233304797,338.44900692952,0,125833.552752486,40069946722.7673,9599055955.64453,1549717.84655952,1057325.90046012,883621.423914369,514802.072405824,18708.3208642538,0,887954685.679998,212751781.056658,480890
"213","South Sudan","SSD",0,0,0,0,6732.10504768071,2197.91909653804,16896979470.534,46451842.2209952,1456885.12643847,8263.54072236507,20.8041885492858,39810.8230939456,0,2167604.77908634,1585089514622.88,48380069779.7505,9940749.60413856,9315990.35177528,1774729.9916804,1471279.40534802,847.262091701775,0,2879110260.1071,129453932.843195,7128647
"214","São Tomé and Príncipe","STP",0,218146.685265838,83292.5650943641,0,0,0,0,0,0,0,0,0,0.414511829614639,0,0,0,0,0,0,0,0,0,0,0,0
"215","Suriname","SUR",0,433978.659112603,99768.2627693633,195485.884293495,1583.54926484218,54.7687364799471,58260195.7635636,7871685.81420282,2162450.97924972,73.3113621615708,13.1259586170781,7.63435968421739,715.076652050018,232711.310865192,25174951102.3565,3840852147.1498,286172.844669597,233694.634099566,211304.048088469,139534.92653539,23.310876358329,0,125525444.74184,15971026.0190631,6204804
"216","Slovakia","SVK",0,0,0,0,1020.4391089717,22.3590929241529,174316026.100447,4791377.3255723,981984.601461589,277.478628014101,143.910737318802,154.270319038121,0,100822.379878269,50907171648.9375,12967188135.5781,2140308.69823647,1882794.98545905,714776.811306477,588827.364193153,11121.5732943958,0,770933076.236981,200343095.225023,586837
"217","Slovenia","SVN",0,77549.0185546875,4938.62948608398,3488.79814147949,687.471829825262,25.1395842400642,74717389.8732754,4927477.15666539,1589029.38872164,211.380093460109,23.1488142885501,72.8583938296675,0,41520.5886835846,29531614072.9506,6658233191.65747,1075260.11915159,981370.55030153,299598.878767252,272230.099005687,912.782950395729,0,697570001.478452,185154762.531625,365007
"218","Sweden","SWE",0,3431550.51777739,1755800.02286175,1813497.056671,6004.23530615772,4.28056573478133,388939114.582296,0,0,525.321772334939,593.339366922039,351.021698213206,353.536903262138,603993.581979182,7378124413.62393,3465317843.5534,4903330.35061096,4245727.26673412,2133492.60347638,1651102.05812134,9107.09007103496,0,24243454.7140146,10495899.9904204,6578119
"219","Swaziland","SWZ",0,0,0,0,622.912812661035,110.988476568641,8999730.68757461,499226.81199971,174071.657480983,879.013456860723,0.117636445909739,661.427533132464,0,7419.81396511538,3135421095.25781,1262613033.59082,746178.462441444,672937.468692832,130192.089150662,92146.859959662,106.685039471517,0,260754625.224602,107583519.669553,138386
"220","Sint Maarten","SXM",0,118508.650680542,20774.5526733398,99236.9783172607,0,0,0,0,0,0,0,0,0,0,2120457.703125,2079563.5,0,0,0,0,0,30,0,0,307
"221","Seychelles","SYC",0,122940.578807831,109969.28994751,0,0,0,0,0,0,0,0,0,0.926530510187149,0,0,0,0,0,0,0,0,319,0,0,0
"222","Syria","SYR",0,898423.342424842,63514.2854018807,71854.4447402954,37.8348873089008,0.0138519121384595,55980003.9182565,3369735.94207764,1032624.21274055,61.4637774560373,243.690666268463,217.805538450546,2.57189726829529,17095.9013838368,30530680229.9699,11299047132.4425,1155300.83708948,1053785.46906472,1068334.2487832,734361.680069257,11895.1128075878,0,841725512.49833,297180127.042774,19414
"223","Turks and Caicos Islands","TCA",0,51031.7081440997,56108.5041908324,46433.4981522055,0.355212550815794,2.50985713898215,0,0,0,2.69124844061098,0,1.33244532138524,0.271626263856888,0,2514459.4246956,2455106.18118569,14232.0132408142,13233.8487023711,0,0,0,287,0,0,7078
"224","Chad","TCD",0,0,0,0,1191.1939962576,445.551890180948,467439327.901243,17337017.6059346,2923678.43443442,1963.53306618235,17984.3088057938,9519.16243987921,0,518019.73162012,185980788749.434,14638303916.7289,4427296.27772151,3954562.87066016,929365.529871285,836193.1554553,906.285158661342,0,654858884.509887,77129641.6768976,2509945
"225","Togo","TGO",0,10062.138671875,9293.771484375,0,628.008453820447,160.884299795925,68511109.9662012,4501728.08031269,1066821.63903081,1521.94610457098,1585.94138388126,1317.36445759983,26.9891262054443,33637.364123073,19608942599.2871,4126299562.39258,1645282.48716736,1455213.38943667,616461.473512322,516196.23783645,512.858873862688,0,421457819.509678,94896078.9322672,270081
"226","Thailand","THA",0,4612478.84566704,1454846.62245818,1223922.68578564,7577.20544845275,1446.00072718849,2874951244.88622,86992365.7450064,17518959.7406808,3895.65147443358,14136.0090699352,331.915742687781,9211.91441190243,160795.195989458,550306713693.275,76169768587.8306,6938472.88927505,4193579.5964852,2357247.28203435,2152752.52054895,23539.5237907942,1421,19512141302.8978,2874950050.17394,3352240
"227","Tajikistan","TJK",0,0,0,0,9.88122229430251,14.3436740363727,64212995.2565793,935383.632664891,210842.992456772,35.8785392389419,320.138988675666,1077.72461666767,0,147931.513994577,279991464385.437,69481229871.7054,1753160.08300649,1036945.06149001,797111.376257,308725.713725328,21434.2963820983,0,14859857175.1078,3483259214.97836,925712
"228","Tokelau","TKL",0,0,0,0,0,0,0,0,0,0,0,0,0,0,0,0,0,0,0,0,0,0,0,0,0
"229","Turkmenistan","TKM",0,0,0,0,5.07458637243019,3.55251835100274,37214747.4477976,10201.120897412,5542.91067169959,12.6060332832389,829.56803743809,2456.78802693981,0,214030.18855337,13513413614.7801,2837288902.01329,758507.838738935,429549.947465015,404838.998641002,223401.96311377,2098.27001222505,0,220211624.267074,69432628.0519122,584942
"230","Timor-Leste","TLS",0,275264.968809675,177693.326032933,24254.4601547709,0.238135620382464,177.325798356526,985711.752273929,33894.3124588066,24158.6662175018,168.29177238724,0.2312806120608,4.10939469063627,16.2087249755859,67.8638427686259,134480979.754345,109141906.014257,111580.216393195,93031.1852656063,19224.8430579901,0,38.7697034214334,180,15080430.3570325,11893586.5132249,52988
"231","Tonga","TON",0,141293.97228992,77215.9504261315,0,0,0,0,0,0,0,0,0,0.252630919218063,0,0,0,0,0,0,0,0,263,0,0,0
"232","Trinidad and Tobago","TTO",0,1377165.2906847,321727.768209502,518584.386585136,391.184079816327,1.72262024722689,21688105.6468765,542310.45506927,409701.352615007,40.0427762059903,0,10.0718205049559,3.10857975482941,0,317294331.791307,276279661.93555,366967.701772273,241494.465024363,401976.81067875,244556.580484718,1138.42737827381,308,4486090.54962947,3922134.62925394,126442
"233","Tunisia","TUN",0,810600.743272955,42509.9590300588,372365.29922715,90.4277499256103,10.9488679908206,23423698.7916239,1957280.89413332,895519.987157325,177.273238670738,26.0339267511154,425.829783212831,15.5589923262596,13570.7553040995,6731052445.48448,2744910687.29605,939409.345823765,856424.264002604,807604.516304523,507579.755997188,10508.7962600828,0,104073182.69398,41954530.2855812,67977
"234","Turkey","TUR",0,18096099.7522053,2566490.94676977,4199011.99515172,7108.37418165503,293.529319073556,788362177.639409,80283464.6735575,30345890.5625366,5941.85834186684,3365.51457665139,7426.33567050862,259.347547769547,989569.411155989,705985741973.813,95598292219.0128,14744602.2159205,11354943.9736628,13863086.6150112,9756908.20853472,207286.883908882,0,20259893710.2654,2493711816.51578,3195300
"235","Tuvalu","TUV",0,1763.71484375,1548.74572753906,0,0,0,0,0,0,0,0,0,0,0,0,0,0,0,0,0,0,0,0,0,0
"236","Taiwan","TWN",0,2096722.14508329,303764.083073079,543906.2516576,1436.53058501373,60.6426817670834,803733178.223782,19231366.8882629,7778284.7066914,245.604474772636,12.7037858644035,13.0752938533124,19.208845436573,2521.54397551372,20840533370.8934,12640206887.7081,2570842.36320943,1535645.13030664,7033113.94152653,4832192.25959859,39369.3058868988,1105,1113785724.61798,660121725.307754,365254
"237","Tanzania","TZA",0,5460483.18695449,3405617.82211527,813144.094403587,18831.6316854162,5376.06748340987,1111815147.92062,35720853.3709259,10377549.7919884,21088.4807521983,18844.955596871,16068.8992533639,632.008926391602,2477714.96914538,293467148553.099,37323711725.8736,21324882.2350259,17555032.5438352,4513371.8569551,2225101.43043192,4976.66405903588,1106,10305592286.8682,1794675395.00944,9018732
"238","Uganda","UGA",0,0,0,0,2259.15130798261,1552.66028125652,1680634145.10444,2904896.70189298,246096.637108493,5664.21972646282,12118.3485427712,6658.68099388424,0,357801.472621398,180842275373.031,19383462268.7661,9005167.55453939,6174510.68304558,1519362.04545293,455279.753032274,3403.63595310408,0,2831803516.26502,444691934.476765,1309642
"239","Ukraine","UKR",0,542062.944168882,209069.231368998,130981.228043885,3767.28832979353,56.1032963998561,676217053.394364,15355239.664666,2578522.12890597,1693.07142477221,1074.44801421301,525.484184321716,508.802048817277,391429.32511799,94058576393.3876,16722373083.6999,5023830.17070177,4560728.5782028,3911409.9572112,4234342.99680054,98755.8920518715,0,1120481361.57809,249553072.431937,2354513
"240","United States Minor Outlying Isl","UMI",0,0,0,0,0,0,0,0,0,0,0,0,0.147708751261234,0,0,0,0,0,0,0,0,5,0,0,0
"241","Uruguay","URY",0,299101.381745743,110967.123133455,73865.2882383006,2500.78613760643,25.6355460269058,93850560.4529303,4560263.28795167,952766.844003556,193.095932123809,231.198050803156,21521.9058025694,306.07200807333,52855.6347334826,12280563924.6532,2068036366.23181,880046.367914066,768385.375563907,1473926.46579234,882604.700283956,8338.94684332495,0,284044015.487191,44613163.6857489,1010605
"242","United States","USA",36224569904,29504333.4435065,7774806.61845461,8477890.16721504,158555.796373056,718.006795433932,11161344062.7505,310226257.641313,78791657.1941865,10065.6086000723,2256.43212629575,59257.4193312279,21125.8029734716,6879521.55217694,3744061074834.98,489734664135.087,98723264.2371095,89037313.340922,110716309.503661,76213756.158384,525676.188420587,2013,51558968756.4213,7965567692.22458,83167879
"243","Uzbekistan","UZB",0,0,0,0,15.1168691531184,23.854553432216,62412869.9160618,395158.952118491,146827.39661932,48.5503235674731,372.006723611499,2847.08070299776,0,217669.826119463,129057961007.696,44491628106.5263,2796849.57948806,1359307.18917978,1580246.56213658,502830.534187802,5563.51612607261,0,4111973435.32546,1322973886.92113,719518
"244","Vatican City","VAT",0,0,0,0,0,0,0,0,0,0,0,0,0,0,0,0,0,0,0,0,0,0,0,0,0
"245","Saint Vincent and the Grenadines","VCT",0,504982.750768185,160296.284427643,258142.267529964,0,0,0,0,0,0,0,0,0,0,11174920.3951416,10738550.8632202,38226.070098877,32270.6452857219,21209.2790374756,19958.70362854,0,77,0,0,7575
"246","Venezuela","VEN",0,7214745.13747812,1406759.23788863,2129800.87126961,14212.075794113,567.822307635944,1245552988.54374,50566179.4203794,7302627.38373579,1951.39486493155,11343.5310364035,8888.61989284233,538.962512642145,1240302.15628237,219043312473.009,35574184979.3196,6010723.01898841,5369760.2124272,12245572.4041344,10137875.5815477,65634.1934452201,869,7975626579.86074,2217278175.37574,21548845
"247","British Virgin Islands","VGB",0,214401.667831898,148845.230783939,137127.777633667,0.58365404727149,0.0796819454546563,0,0,0,0.173492105910222,0,0,0.262651085853577,0,1446810.84899902,1426967.74780273,18513.3612823486,18508.6882619858,0,0,0,377,0,0,2437
"248","Virgin Islands, U.S.","VIR",0,294921.702515155,89446.3260145187,144707.435222864,1.47955193432018,0,0,0,0,0.0788571523319268,0,0,0.369135171175003,0,2866246.87660217,2803369.9250412,50487.601776123,50494.3645935059,0,0,0,332,0,0,3689
"249","Vietnam","VNM",0,11972566.3604575,4493466.71237295,4049235.25595798,11343.7061415775,1675.09877517677,3107851661.89018,206666075.965741,61164862.686798,11584.6309278273,7310.04078589822,1981.08478710269,34956.5640307665,126496.709619759,1143214183554.05,208196421850.506,16467342.0160089,11788934.3288254,7988426.05827427,4304970.1594129,31595.869456138,840,60032084203.1735,11135263451.3779,3155829
"250","Vanuatu","VUT",0,578984.501004319,377042.736345686,337211.563569517,0.00134837156005139,28.4665875151477,101274.686943722,0,0,20.6284595878997,0,0,0.999072898179293,0,53417791.0299014,47141628.8684996,131845.288079327,100365.159553218,22159.8835079074,17195.6294531822,0,1043,69632.9466178194,60785.8034735573,220017
"251","Wallis and Futuna","WLF",0,28047.1590367556,15088.1846375465,0,0,0,0,0,0,0,0,0,0,0,0,0,0,0,0,0,0,0,0,0,0
"252","Samoa","WSM",0,184159.843195982,102301.703591086,0,0,0,0,0,0,0,0,0,2.14085681736469,0,0,0,0,0,0,0,0,377,0,0,0
"253","Akrotiri and Dhekelia","XAD",0,4078.53313432634,0,0,0.00216756225563586,0,4441.708984375,393.328488079721,279.570481888072,0.00860361475497484,0.131999200209975,0.479487614824824,0.366084516048431,0,131491.44708252,107436.891021729,1765.15293884277,1559.34033203125,1385.32745361328,11.4455518722534,3.2420871257782,0,751.522155761719,598.887390136719,437
"254","Caspian Sea","XCA",0,0,0,0,3.67492395748183,0.11023007745417,77881.3160681358,649.517438750829,631.602434524698,4.9159770596584,11.491073729936,29.4211340247968,0,379.347699619081,38178909.5082743,24609609.7473391,225990.228395589,274573.792776708,207717.441903859,269939.50273712,92.2227422910018,0,180076.526611329,58663.2934239706,13188
"255","Clipperton Island","XCL",0,0,0,0,0,0,0,0,0,0,0,0,0.0161428023129702,0,0,0,0,0,0,0,0,0,0,0,0
"256","Kosovo","XKO",0,0,0,0,193.482444547297,12.5773453948461,18532811.6291014,1430271.34373748,563183.235270608,195.419962241066,0.356731352861971,71.1617686274818,0,19301.94050757,5927403065.71875,2368406452.4375,459527.678033065,297130.280627083,242657.217156887,149201.963322069,2833.07936742273,0,304183603.270836,133462535.540178,78142
"257","Paracel Islands","XPI",0,1.94772398471832,1.94767165184021,0,0,0,0,0,0,0,0,0,26.7331840991974,0,0,0,0,0,0,0,0,0,0,0,0
"258","Spratly Islands","XSP",0,0,0,0,0,0,0,0,0,0,0,0,0,0,0,0,0,0,0,0,0,0,0,0,0
"259","Yemen","YEM",0,623385.785270132,283548.703490279,189358.125145105,6.97499375181449,213.504077029909,92062790.0538065,5098.49455697279,2801.53107529338,116.172880646291,0,3192.13418039215,40.7461453676224,9548.65912416336,59825007906.3348,31181792710.7599,9342511.61418128,8132120.46652507,1642545.97988139,1252459.31014731,2912.93419777461,135,3553061694.66899,1857527841.04407,98607
"260","South Africa","ZAF",0,2846844.03685057,458339.791306094,809630.843819488,9354.41121290452,2627.08113335928,406965740.518045,11628736.9528961,4643922.02336665,9543.22479942776,228.39334201545,39752.2733457442,100.510319873691,474201.993049048,270326513648.98,68363383045.6693,21056450.5967237,18973141.2526088,16636083.9610849,13076615.9025737,36668.7098184712,33,8510171026.02413,2410665145.43926,6700012
"261","Zambia","ZMB",0,0,0,0,11299.5135005103,4113.02039794241,744613542.947323,12303220.2915841,868324.739254881,10523.9253024299,129218.470158529,3768.237867038,0,1391740.11342439,212157011599.586,18576952579.4141,7219070.19309717,6398145.96528778,3825677.76068158,3157355.22940305,284.535731032107,0,3294766807.46389,339663341.390137,8572911
"262","Northern Cyprus","ZNC",0,67917.2410189321,969.34059328603,25745.2104891587,8.82202649928043,0,573487.12433143,59787.6519402245,45713.4252222497,10.5472209702127,0.090287173516117,64.3881802677188,0.0496577695012093,0,66836209.1608582,54775356.4285583,92836.14320755,101802.208612949,68886.0530491024,58190.7213215828,530.102454103871,0,1509355.86265087,1225784.03766155,5772
"263","Zimbabwe","ZWE",0,0,0,0,7411.23474980969,816.522466079173,148499163.340097,3387720.53159243,359692.117529309,6652.22233411465,4263.31396533176,4936.8404768317,0,403850.926749399,49248752847.4336,9199077295.98654,5208122.52425385,4382703.70673218,2111974.48720657,2157122.45279129,939.988583916641,0,1892409346.84369,345896895.595767,2893149
